INSERT INTO Users(ID,email,nickname,u_name,birthday,nationality,u_password,u_status,avatar,ranking,coins,u_type,current_deck)
VALUES('U-DBF12eor4HyE','primero@gmail.com','Nick1','Name1','2002-11-04','MX','pass1234','A','',0,20,'user',''),
	  ('U-Erf2a67uiFgg','segundo@gmail.com','Nick1','Name1','2002-11-04','CR','pass1234','A','',0,20,'user',''),
	  ('U-S04iyuNlMefk','admin@gmail.com','Admin','Sormocs','2002-11-04','CR','pass1234','A','',0,20,'admin','');

INSERT INTO Race(r_name)
VALUES ('Raza 1'),
	   ('Raza 2'),
	   ('Raza 3'),
	   ('Raza 4');

INSERT INTO Cards(ID,c_name,battle_pts,energy,c_image,c_type,race,c_status,c_description)
VALUES('C-dp9eYSB5Wj','Freddy',4,2,'','Normal','Raza 1','a','EL SEÑOR DE LA NOCHEEE'),
	  ('C-uqF8QJ5g2R','Laser',2,1,'','Basica','Raza 2','a','Ive become so numb, I cant feel you there, become so tired, so much more aware...'),
	  ('C-AHlCnE0vN1','Alien',1,1,'','Basica','Raza 3','a','My name is Optimus Prime...'),
	  ('C-LwXqYE1N4R','Daniel',6,4,'','Rara','Raza 1','a','Sprint 5 incoming'),
	  ('C-7sjYVeFgId','Ingrid',5,3,'','Normal','Raza 1','a','Nose ya'),
	  ('C-T5iNoEhXk0','Diego',3,2,'','Basica','Raza 1','a','Quedado en bases'),
	  ('C-x7anGtjh6V','Vader',20,6,'','Rara','Raza 4','a','Is it possible to learn that power?'),
	  ('C-iKZcRVbA9Q','Starboy,',2,1,'','Basica','Raza 1','a','Se puso la cancion mientras llenaba esto'),
	  ('C-PzkxqLCbrY','Luke',4,2,'','Normal','Raza 1','a','Caminante del cielo'),
	  ('C-GsoBeFp8Cz','Anakin',4,2,'','Normal','Raza 1','a','Caminante del cielo retro'),
	  ('C-jzLv6bXE4S','Brett',2,2,'','Basica','Raza 1','a','Hi, Im Brett'),
	  ('C-sT2z7wvFH1','Ben',2,2,'','Basica','Raza 1','a','Hi, Im Ben'),
	  ('C-J3xhgnE0lQ','Chad',3,1,'','Basica','Raza 1','a','Giga Chad'),
	  ('C-bt2SoXDr14','Ai',4,2,'','Normal','Raza 1','a','Alivent'),
	  ('C-kCwyvsE09I','Tarnished',8,3,'','Rara','Raza 1','a','Hi, Im Brett'),
	  ('C-9fjQ4Ze2KN','Mia',1,1,'','Basica','Raza 1','a','La la land'),
	  ('C-VBT5r1zqK3','Satelite',1,1,'','Basica','Raza 2','a','Not the one by Harry Styles'),
	  ('C-8G4Eqp2ubh','Yoda',6,3,'','Rara','Raza 4','a','Spock not cool'),
	  ('C-0PcM4N6pG','Generica1',3,1,'','Basica','Raza 1','a','Descripcion generica'),
	  ('C-zk2TnhKUl','Generica2',2,1,'','Basica','Raza 1','a','Descripcion generica'),
	  ('C-7mVf4kxj3','Generica3',3,1,'','Basica','Raza 1','a','Descripcion generica'),
	  ('C-eXQ9t6vo7','Generica4',2,1,'','Basica','Raza 1','a','Descripcion generica'),
	  ('C-8uOy0HpRZ','Generica5',3,1,'','Basica','Raza 1','a','Descripcion generica'),
	  ('C-2FQ3bDf1j','Generica6',2,1,'','Basica','Raza 1','a','Descripcion generica'),
	  ('C-L6pZ4gXm1','Generica7',4,3,'','Basica','Raza 1','a','Descripcion generica'),
	  ('C-q1FZ8IcJK','Generica8',2,1,'','Basica','Raza 1','a','Descripcion generica'),
	  ('C-wGo4B9pT1','Generica9',3,1,'','Basica','Raza 1','a','Descripcion generica'),
	  ('C-v1sK9BxgZ','Generica10',2,1,'','Basica','Raza 1','a','Descripcion generica'),
	  ('C-D0jGkPmX9','Generica11',8,3,'','Rara','Raza 1','a','Descripcion generica'),
	  ('C-Mfz7S2e1Y','Generica12',2,1,'','Basica','Raza 1','a','Descripcion generica');

INSERT INTO Planet(ID,p_name,p_image,p_description,p_effect,p_type,p_status)
VALUES('P-8uOy0HpRZ','Pizza Planet','','Home of the hot dog','Efecto 1','Raro','a'),
	  ('P-7mVf4kxj3','Europa','','Moon','Efecto 1','Popular','a'),
	  ('P-uqF8QJ5g2R','PlanetSP3','','Sprint3','Efecto 2','Basico','a'),
	  ('P-iKZcRVbA9Q','Marte','','Home of Martian Agent','Efecto 1','Raro','a');

INSERT INTO User_card(user_key,card_key)
VALUES('U-DBF12eor4HyE','C-dp9eYSB5Wj'),
      ('U-DBF12eor4HyE','C-uqF8QJ5g2R'),
	  ('U-DBF12eor4HyE','C-AHlCnE0vN1'),
	  ('U-DBF12eor4HyE','C-LwXqYE1N4R'),
	  ('U-DBF12eor4HyE','C-7sjYVeFgId'),
	  ('U-DBF12eor4HyE','C-T5iNoEhXk0'),
	  ('U-DBF12eor4HyE','C-x7anGtjh6V'),
	  ('U-DBF12eor4HyE','C-iKZcRVbA9Q'),
	  ('U-DBF12eor4HyE','C-PzkxqLCbrY'),
	  ('U-DBF12eor4HyE','C-GsoBeFp8Cz'),
	  ('U-DBF12eor4HyE','C-jzLv6bXE4S'),
	  ('U-DBF12eor4HyE','C-sT2z7wvFH1'),
	  ('U-DBF12eor4HyE','C-J3xhgnE0lQ'),
	  ('U-DBF12eor4HyE','C-bt2SoXDr14'),
	  ('U-DBF12eor4HyE','C-kCwyvsE09I'),
	  ('U-DBF12eor4HyE','C-9fjQ4Ze2KN'),
	  ('U-DBF12eor4HyE','C-VBT5r1zqK3'),
	  ('U-DBF12eor4HyE','C-8G4Eqp2ubh'),
	  ('U-Erf2a67uiFgg','C-dp9eYSB5Wj'),
	  ('U-Erf2a67uiFgg','C-uqF8QJ5g2R'),
	  ('U-Erf2a67uiFgg','C-AHlCnE0vN1'),
	  ('U-Erf2a67uiFgg','C-LwXqYE1N4R'),
	  ('U-Erf2a67uiFgg','C-7sjYVeFgId'),
	  ('U-Erf2a67uiFgg','C-T5iNoEhXk0'),
	  ('U-Erf2a67uiFgg','C-x7anGtjh6V'),
	  ('U-Erf2a67uiFgg','C-iKZcRVbA9Q'),
	  ('U-Erf2a67uiFgg','C-PzkxqLCbrY'),
	  ('U-Erf2a67uiFgg','C-GsoBeFp8Cz'),
	  ('U-Erf2a67uiFgg','C-jzLv6bXE4S'),
	  ('U-Erf2a67uiFgg','C-sT2z7wvFH1'),
	  ('U-Erf2a67uiFgg','C-J3xhgnE0lQ'),
	  ('U-Erf2a67uiFgg','C-bt2SoXDr14'),
	  ('U-Erf2a67uiFgg','C-kCwyvsE09I'),
	  ('U-Erf2a67uiFgg','C-9fjQ4Ze2KN'),
	  ('U-Erf2a67uiFgg','C-VBT5r1zqK3'),
	  ('U-Erf2a67uiFgg','C-8G4Eqp2ubh');

INSERT INTO Deck(Deck_ID,Player_ID,d_name)
VALUES('D-eDf3t5O9AtFF','U-Erf2a67uiFgg','MyDeck'),
	  ('D-Dbg14eOt4JyZ','U-DBF12eor4HyE','LordOfTheDecks');

INSERT INTO Deck_Card(Deck_ID,Card_ID)
VALUES('D-eDf3t5O9AtFF','C-dp9eYSB5Wj'),
	  ('D-eDf3t5O9AtFF','C-uqF8QJ5g2R'),
	  ('D-eDf3t5O9AtFF','C-AHlCnE0vN1'),
	  ('D-eDf3t5O9AtFF','C-LwXqYE1N4R'),
	  ('D-eDf3t5O9AtFF','C-7sjYVeFgId'),
	  ('D-eDf3t5O9AtFF','C-T5iNoEhXk0'),
	  ('D-eDf3t5O9AtFF','C-x7anGtjh6V'),
	  ('D-eDf3t5O9AtFF','C-iKZcRVbA9Q'),
	  ('D-eDf3t5O9AtFF','C-PzkxqLCbrY'),
	  ('D-eDf3t5O9AtFF','C-GsoBeFp8Cz'),
	  ('D-eDf3t5O9AtFF','C-jzLv6bXE4S'),
	  ('D-eDf3t5O9AtFF','C-sT2z7wvFH1'),
	  ('D-eDf3t5O9AtFF','C-J3xhgnE0lQ'),
	  ('D-eDf3t5O9AtFF','C-bt2SoXDr14'),
	  ('D-eDf3t5O9AtFF','C-kCwyvsE09I'),
	  ('D-eDf3t5O9AtFF','C-9fjQ4Ze2KN'),
	  ('D-eDf3t5O9AtFF','C-VBT5r1zqK3'),
	  ('D-eDf3t5O9AtFF','C-8G4Eqp2ubh'),
	  ('D-Dbg14eOt4JyZ','C-dp9eYSB5Wj'),
	  ('D-Dbg14eOt4JyZ','C-uqF8QJ5g2R'),
	  ('D-Dbg14eOt4JyZ','C-AHlCnE0vN1'),
	  ('D-Dbg14eOt4JyZ','C-LwXqYE1N4R'),
	  ('D-Dbg14eOt4JyZ','C-7sjYVeFgId'),
	  ('D-Dbg14eOt4JyZ','C-T5iNoEhXk0'),
	  ('D-Dbg14eOt4JyZ','C-x7anGtjh6V'),
	  ('D-Dbg14eOt4JyZ','C-iKZcRVbA9Q'),
	  ('D-Dbg14eOt4JyZ','C-PzkxqLCbrY'),
	  ('D-Dbg14eOt4JyZ','C-GsoBeFp8Cz'),
	  ('D-Dbg14eOt4JyZ','C-jzLv6bXE4S'),
	  ('D-Dbg14eOt4JyZ','C-sT2z7wvFH1'),
	  ('D-Dbg14eOt4JyZ','C-J3xhgnE0lQ'),
	  ('D-Dbg14eOt4JyZ','C-bt2SoXDr14'),
	  ('D-Dbg14eOt4JyZ','C-kCwyvsE09I'),
	  ('D-Dbg14eOt4JyZ','C-9fjQ4Ze2KN'),
	  ('D-Dbg14eOt4JyZ','C-VBT5r1zqK3'),
	  ('D-Dbg14eOt4JyZ','C-8G4Eqp2ubh');